week_num,week_start,region,category,revenue,orders,returns,net_orders,return_rate_pct,avg_order_value
1,2024-01-01,Mumbai,Electronics,1540241.0,5782,320,5462,5.53,266.39
1,2024-01-01,Mumbai,Fashion,1292505.0,5739,801,4938,13.96,225.21
1,2024-01-01,Mumbai,Grocery,1081869.0,3994,59,3935,1.48,270.87
1,2024-01-01,Mumbai,Home & Kitchen,961123.0,4193,156,4037,3.72,229.22
1,2024-01-01,Mumbai,Books,479237.0,1747,63,1684,3.61,274.32
1,2024-01-01,Delhi,Electronics,775867.0,3038,189,2849,6.22,255.39
1,2024-01-01,Delhi,Fashion,1176362.0,5498,907,4591,16.5,213.96
1,2024-01-01,Delhi,Grocery,1278118.0,5442,119,5323,2.19,234.86
1,2024-01-01,Delhi,Home & Kitchen,853565.0,4079,228,3851,5.59,209.26
1,2024-01-01,Delhi,Books,648658.0,3010,100,2910,3.32,215.5
1,2024-01-01,Bangalore,Electronics,1395430.0,5465,261,5204,4.78,255.34
1,2024-01-01,Bangalore,Fashion,1056893.0,4696,660,4036,14.05,225.06
1,2024-01-01,Bangalore,Grocery,751221.0,3332,46,3286,1.38,225.46
1,2024-01-01,Bangalore,Home & Kitchen,590620.0,2724,175,2549,6.42,216.82
1,2024-01-01,Bangalore,Books,454992.0,1651,53,1598,3.21,275.59
1,2024-01-01,Chennai,Electronics,1053241.0,4784,294,4490,6.15,220.16
1,2024-01-01,Chennai,Fashion,628873.0,2948,445,2503,15.09,213.32
1,2024-01-01,Chennai,Grocery,772361.0,3757,94,3663,2.5,205.58
1,2024-01-01,Chennai,Home & Kitchen,488318.0,2208,97,2111,4.39,221.16
1,2024-01-01,Chennai,Books,328051.0,1582,53,1529,3.35,207.36
1,2024-01-01,Hyderabad,Electronics,970127.0,4437,307,4130,6.92,218.64
1,2024-01-01,Hyderabad,Fashion,709389.0,3086,502,2584,16.27,229.87
1,2024-01-01,Hyderabad,Grocery,747771.0,2625,58,2567,2.21,284.87
1,2024-01-01,Hyderabad,Home & Kitchen,366919.0,1342,87,1255,6.48,273.41
1,2024-01-01,Hyderabad,Books,290471.0,1228,35,1193,2.85,236.54
2,2024-01-08,Mumbai,Electronics,1204037.0,5762,298,5464,5.17,208.96
2,2024-01-08,Mumbai,Fashion,1197535.0,5396,719,4677,13.32,221.93
2,2024-01-08,Mumbai,Grocery,1080035.0,4524,98,4426,2.17,238.73
2,2024-01-08,Mumbai,Home & Kitchen,847527.0,3039,196,2843,6.45,278.88
2,2024-01-08,Mumbai,Books,574950.0,2264,64,2200,2.83,253.95
2,2024-01-08,Delhi,Electronics,1465317.0,6719,516,6203,7.68,218.09
2,2024-01-08,Delhi,Fashion,1333848.0,5649,922,4727,16.32,236.12
2,2024-01-08,Delhi,Grocery,823279.0,3317,77,3240,2.32,248.2
2,2024-01-08,Delhi,Home & Kitchen,924791.0,3989,214,3775,5.36,231.84
2,2024-01-08,Delhi,Books,500532.0,2189,51,2138,2.33,228.66
2,2024-01-08,Bangalore,Electronics,1478498.0,6147,353,5794,5.74,240.52
2,2024-01-08,Bangalore,Fashion,1114133.0,4992,516,4476,10.34,223.18
2,2024-01-08,Bangalore,Grocery,701775.0,2705,56,2649,2.07,259.44
2,2024-01-08,Bangalore,Home & Kitchen,617941.0,3013,133,2880,4.41,205.09
2,2024-01-08,Bangalore,Books,438405.0,1843,53,1790,2.88,237.88
2,2024-01-08,Chennai,Electronics,1033964.0,4872,341,4531,7.0,212.23
2,2024-01-08,Chennai,Fashion,588273.0,2652,283,2369,10.67,221.82
2,2024-01-08,Chennai,Grocery,563790.0,2402,40,2362,1.67,234.72
2,2024-01-08,Chennai,Home & Kitchen,617870.0,3463,194,3269,5.6,178.42
2,2024-01-08,Chennai,Books,413321.0,1863,57,1806,3.06,221.86
2,2024-01-08,Hyderabad,Electronics,836390.0,3652,170,3482,4.65,229.02
2,2024-01-08,Hyderabad,Fashion,807008.0,4485,741,3744,16.52,179.93
2,2024-01-08,Hyderabad,Grocery,616058.0,3088,50,3038,1.62,199.5
2,2024-01-08,Hyderabad,Home & Kitchen,475264.0,2552,91,2461,3.57,186.23
2,2024-01-08,Hyderabad,Books,312371.0,1607,60,1547,3.73,194.38
3,2024-01-15,Mumbai,Electronics,1672741.0,6713,363,6350,5.41,249.18
3,2024-01-15,Mumbai,Fashion,1247523.0,4761,793,3968,16.66,262.03
3,2024-01-15,Mumbai,Grocery,1221034.0,5045,98,4947,1.94,242.03
3,2024-01-15,Mumbai,Home & Kitchen,877883.0,3445,196,3249,5.69,254.83
3,2024-01-15,Mumbai,Books,626845.0,2881,64,2817,2.22,217.58
3,2024-01-15,Delhi,Electronics,1201952.0,4907,333,4574,6.79,244.95
3,2024-01-15,Delhi,Fashion,1090906.0,4514,518,3996,11.48,241.67
3,2024-01-15,Delhi,Grocery,1035966.0,4322,95,4227,2.2,239.7
3,2024-01-15,Delhi,Home & Kitchen,831434.0,3339,203,3136,6.08,249.01
3,2024-01-15,Delhi,Books,684805.0,2352,80,2272,3.4,291.16
3,2024-01-15,Bangalore,Electronics,1169800.0,6417,370,6047,5.77,182.3
3,2024-01-15,Bangalore,Fashion,1299149.0,6383,1093,5290,17.12,203.53
3,2024-01-15,Bangalore,Grocery,686212.0,4014,99,3915,2.47,170.95
3,2024-01-15,Bangalore,Home & Kitchen,492089.0,2044,107,1937,5.23,240.75
3,2024-01-15,Bangalore,Books,434557.0,2034,76,1958,3.74,213.65
3,2024-01-15,Chennai,Electronics,1033397.0,4922,367,4555,7.46,209.95
3,2024-01-15,Chennai,Fashion,647453.0,3128,561,2567,17.93,206.99
3,2024-01-15,Chennai,Grocery,769689.0,3671,59,3612,1.61,209.67
3,2024-01-15,Chennai,Home & Kitchen,534221.0,2724,115,2609,4.22,196.12
3,2024-01-15,Chennai,Books,338187.0,1932,70,1862,3.62,175.05
3,2024-01-15,Hyderabad,Electronics,1145794.0,4648,357,4291,7.68,246.51
3,2024-01-15,Hyderabad,Fashion,490115.0,2419,303,2116,12.53,202.61
3,2024-01-15,Hyderabad,Grocery,802585.0,3209,74,3135,2.31,250.1
3,2024-01-15,Hyderabad,Home & Kitchen,379470.0,1463,54,1409,3.69,259.38
3,2024-01-15,Hyderabad,Books,323698.0,1438,34,1404,2.36,225.1
4,2024-01-22,Mumbai,Electronics,1133086.0,3650,246,3404,6.74,310.43
4,2024-01-22,Mumbai,Fashion,1429489.0,5163,521,4642,10.09,276.87
4,2024-01-22,Mumbai,Grocery,1058754.0,3823,87,3736,2.28,276.94
4,2024-01-22,Mumbai,Home & Kitchen,979084.0,3546,213,3333,6.01,276.11
4,2024-01-22,Mumbai,Books,604410.0,2731,96,2635,3.52,221.31
4,2024-01-22,Delhi,Electronics,1424524.0,7369,450,6919,6.11,193.31
4,2024-01-22,Delhi,Fashion,1065031.0,5457,962,4495,17.63,195.17
4,2024-01-22,Delhi,Grocery,790600.0,3680,65,3615,1.77,214.84
4,2024-01-22,Delhi,Home & Kitchen,598751.0,2925,115,2810,3.93,204.7
4,2024-01-22,Delhi,Books,406864.0,2114,81,2033,3.83,192.46
4,2024-01-22,Bangalore,Electronics,1273355.0,7633,503,7130,6.59,166.82
4,2024-01-22,Bangalore,Fashion,1109959.0,5712,656,5056,11.48,194.32
4,2024-01-22,Bangalore,Grocery,814862.0,3382,74,3308,2.19,240.94
4,2024-01-22,Bangalore,Home & Kitchen,725222.0,3150,192,2958,6.1,230.23
4,2024-01-22,Bangalore,Books,284740.0,1571,38,1533,2.42,181.25
4,2024-01-22,Chennai,Electronics,1149439.0,5298,388,4910,7.32,216.96
4,2024-01-22,Chennai,Fashion,910284.0,4030,710,3320,17.62,225.88
4,2024-01-22,Chennai,Grocery,693123.0,3235,72,3163,2.23,214.26
4,2024-01-22,Chennai,Home & Kitchen,536202.0,2218,121,2097,5.46,241.75
4,2024-01-22,Chennai,Books,461097.0,2280,64,2216,2.81,202.24
4,2024-01-22,Hyderabad,Electronics,870274.0,4546,311,4235,6.84,191.44
4,2024-01-22,Hyderabad,Fashion,856649.0,3818,479,3339,12.55,224.37
4,2024-01-22,Hyderabad,Grocery,755051.0,3782,83,3699,2.19,199.64
4,2024-01-22,Hyderabad,Home & Kitchen,473465.0,2292,135,2157,5.89,206.57
4,2024-01-22,Hyderabad,Books,344824.0,1685,48,1637,2.85,204.64
5,2024-01-29,Mumbai,Electronics,1791260.0,5836,328,5508,5.62,306.93
5,2024-01-29,Mumbai,Fashion,1555854.0,5397,732,4665,13.56,288.28
5,2024-01-29,Mumbai,Grocery,1189955.0,5232,88,5144,1.68,227.44
5,2024-01-29,Mumbai,Home & Kitchen,918394.0,3043,113,2930,3.71,301.81
5,2024-01-29,Mumbai,Books,510389.0,1825,58,1767,3.18,279.67
5,2024-01-29,Delhi,Electronics,1584956.0,8201,485,7716,5.91,193.26
5,2024-01-29,Delhi,Fashion,1396457.0,5592,820,4772,14.66,249.72
5,2024-01-29,Delhi,Grocery,601801.0,2338,47,2291,2.01,257.4
5,2024-01-29,Delhi,Home & Kitchen,611363.0,3236,192,3044,5.93,188.93
5,2024-01-29,Delhi,Books,458125.0,2250,76,2174,3.38,203.61
5,2024-01-29,Bangalore,Electronics,1531449.0,5750,342,5408,5.95,266.34
5,2024-01-29,Bangalore,Fashion,1194101.0,4211,521,3690,12.37,283.57
5,2024-01-29,Bangalore,Grocery,930946.0,3242,76,3166,2.34,287.15
5,2024-01-29,Bangalore,Home & Kitchen,681010.0,2128,113,2015,5.31,320.02
5,2024-01-29,Bangalore,Books,406477.0,1632,55,1577,3.37,249.07
5,2024-01-29,Chennai,Electronics,1145596.0,4776,290,4486,6.07,239.87
5,2024-01-29,Chennai,Fashion,799815.0,2970,432,2538,14.55,269.3
5,2024-01-29,Chennai,Grocery,822812.0,3355,57,3298,1.7,245.25
5,2024-01-29,Chennai,Home & Kitchen,614752.0,2424,143,2281,5.9,253.61
5,2024-01-29,Chennai,Books,358823.0,1496,46,1450,3.07,239.85
5,2024-01-29,Hyderabad,Electronics,1050466.0,4713,236,4477,5.01,222.89
5,2024-01-29,Hyderabad,Fashion,803903.0,3772,499,3273,13.23,213.12
5,2024-01-29,Hyderabad,Grocery,700009.0,2722,65,2657,2.39,257.17
5,2024-01-29,Hyderabad,Home & Kitchen,557563.0,2423,102,2321,4.21,230.11
5,2024-01-29,Hyderabad,Books,346218.0,1663,58,1605,3.49,208.19
6,2024-02-05,Mumbai,Electronics,1516197.0,6687,389,6298,5.82,226.74
6,2024-02-05,Mumbai,Fashion,1032883.0,4355,696,3659,15.98,237.17
6,2024-02-05,Mumbai,Grocery,1148376.0,5665,137,5528,2.42,202.71
6,2024-02-05,Mumbai,Home & Kitchen,592556.0,2782,99,2683,3.56,213.0
6,2024-02-05,Mumbai,Books,467277.0,2206,71,2135,3.22,211.82
6,2024-02-05,Delhi,Electronics,1500909.0,8568,664,7904,7.75,175.18
6,2024-02-05,Delhi,Fashion,1455101.0,6877,907,5970,13.19,211.59
6,2024-02-05,Delhi,Grocery,801106.0,3354,64,3290,1.91,238.85
6,2024-02-05,Delhi,Home & Kitchen,520940.0,2594,167,2427,6.44,200.82
6,2024-02-05,Delhi,Books,431317.0,2173,50,2123,2.3,198.49
6,2024-02-05,Bangalore,Electronics,1495860.0,6502,356,6146,5.48,230.06
6,2024-02-05,Bangalore,Fashion,1096872.0,5150,533,4617,10.35,212.98
6,2024-02-05,Bangalore,Grocery,721688.0,3117,73,3044,2.34,231.53
6,2024-02-05,Bangalore,Home & Kitchen,775903.0,3716,228,3488,6.14,208.8
6,2024-02-05,Bangalore,Books,398210.0,1573,51,1522,3.24,253.15
6,2024-02-05,Chennai,Electronics,764503.0,3753,220,3533,5.86,203.7
6,2024-02-05,Chennai,Fashion,959900.0,4566,814,3752,17.83,210.23
6,2024-02-05,Chennai,Grocery,861022.0,3780,60,3720,1.59,227.78
6,2024-02-05,Chennai,Home & Kitchen,446392.0,1895,96,1799,5.07,235.56
6,2024-02-05,Chennai,Books,454774.0,2277,51,2226,2.24,199.73
6,2024-02-05,Hyderabad,Electronics,1205332.0,4736,224,4512,4.73,254.5
6,2024-02-05,Hyderabad,Fashion,774308.0,3970,562,3408,14.16,195.04
6,2024-02-05,Hyderabad,Grocery,777310.0,3605,77,3528,2.14,215.62
6,2024-02-05,Hyderabad,Home & Kitchen,398274.0,1856,72,1784,3.88,214.59
6,2024-02-05,Hyderabad,Books,298662.0,1323,47,1276,3.55,225.75
7,2024-02-12,Mumbai,Electronics,1569001.0,7993,449,7544,5.62,196.3
7,2024-02-12,Mumbai,Fashion,1351574.0,7965,1125,6840,14.12,169.69
7,2024-02-12,Mumbai,Grocery,834085.0,3586,89,3497,2.48,232.59
7,2024-02-12,Mumbai,Home & Kitchen,567563.0,2820,170,2650,6.03,201.26
7,2024-02-12,Mumbai,Books,342564.0,1660,41,1619,2.47,206.36
7,2024-02-12,Delhi,Electronics,1252143.0,5708,322,5386,5.64,219.37
7,2024-02-12,Delhi,Fashion,1312336.0,6456,820,5636,12.7,203.27
7,2024-02-12,Delhi,Grocery,969736.0,4121,105,4016,2.55,235.32
7,2024-02-12,Delhi,Home & Kitchen,730434.0,3781,147,3634,3.89,193.19
7,2024-02-12,Delhi,Books,412788.0,2018,73,1945,3.62,204.55
7,2024-02-12,Bangalore,Electronics,1303214.0,5656,318,5338,5.62,230.41
7,2024-02-12,Bangalore,Fashion,1223822.0,5886,610,5276,10.36,207.92
7,2024-02-12,Bangalore,Grocery,1053940.0,4742,67,4675,1.41,222.26
7,2024-02-12,Bangalore,Home & Kitchen,708789.0,3720,178,3542,4.78,190.53
7,2024-02-12,Bangalore,Books,436719.0,2193,58,2135,2.64,199.14
7,2024-02-12,Chennai,Electronics,753300.0,2508,164,2344,6.54,300.36
7,2024-02-12,Chennai,Fashion,1156337.0,4323,444,3879,10.27,267.48
7,2024-02-12,Chennai,Grocery,923745.0,4054,105,3949,2.59,227.86
7,2024-02-12,Chennai,Home & Kitchen,585489.0,2269,146,2123,6.43,258.04
7,2024-02-12,Chennai,Books,478939.0,1767,44,1723,2.49,271.05
7,2024-02-12,Hyderabad,Electronics,923517.0,4323,308,4015,7.12,213.63
7,2024-02-12,Hyderabad,Fashion,809129.0,3205,482,2723,15.04,252.46
7,2024-02-12,Hyderabad,Grocery,638586.0,3261,66,3195,2.02,195.83
7,2024-02-12,Hyderabad,Home & Kitchen,521550.0,2185,134,2051,6.13,238.7
7,2024-02-12,Hyderabad,Books,347200.0,1590,46,1544,2.89,218.36
8,2024-02-19,Mumbai,Electronics,1613044.0,6924,293,6631,4.23,232.96
8,2024-02-19,Mumbai,Fashion,1199313.0,4507,448,4059,9.94,266.1
8,2024-02-19,Mumbai,Grocery,1374760.0,4062,69,3993,1.7,338.44
8,2024-02-19,Mumbai,Home & Kitchen,831460.0,3135,160,2975,5.1,265.22
8,2024-02-19,Mumbai,Books,658647.0,2730,67,2663,2.45,241.26
8,2024-02-19,Delhi,Electronics,1569409.0,6010,273,5737,4.54,261.13
8,2024-02-19,Delhi,Fashion,1424756.0,4883,611,4272,12.51,291.78
8,2024-02-19,Delhi,Grocery,1067491.0,4137,94,4043,2.27,258.04
8,2024-02-19,Delhi,Home & Kitchen,671711.0,2012,94,1918,4.67,333.85
8,2024-02-19,Delhi,Books,618452.0,2299,67,2232,2.91,269.01
8,2024-02-19,Bangalore,Electronics,1578852.0,5852,422,5430,7.21,269.8
8,2024-02-19,Bangalore,Fashion,1300985.0,6111,937,5174,15.33,212.89
8,2024-02-19,Bangalore,Grocery,1182396.0,4291,106,4185,2.47,275.55
8,2024-02-19,Bangalore,Home & Kitchen,629792.0,2750,101,2649,3.67,229.02
8,2024-02-19,Bangalore,Books,383649.0,1713,51,1662,2.98,223.96
8,2024-02-19,Chennai,Electronics,1264036.0,4925,219,4706,4.45,256.66
8,2024-02-19,Chennai,Fashion,885205.0,3114,382,2732,12.27,284.27
8,2024-02-19,Chennai,Grocery,1026374.0,4436,80,4356,1.8,231.37
8,2024-02-19,Chennai,Home & Kitchen,603334.0,2465,99,2366,4.02,244.76
8,2024-02-19,Chennai,Books,372552.0,1590,38,1552,2.39,234.31
8,2024-02-19,Hyderabad,Electronics,1041864.0,5021,279,4742,5.56,207.5
8,2024-02-19,Hyderabad,Fashion,744482.0,3070,459,2611,14.95,242.5
8,2024-02-19,Hyderabad,Grocery,588203.0,2443,56,2387,2.29,240.77
8,2024-02-19,Hyderabad,Home & Kitchen,565689.0,2520,91,2429,3.61,224.48
8,2024-02-19,Hyderabad,Books,363509.0,1884,72,1812,3.82,192.95
9,2024-02-26,Mumbai,Electronics,1424847.0,6234,444,5790,7.12,228.56
9,2024-02-26,Mumbai,Fashion,1497142.0,5702,720,4982,12.63,262.56
9,2024-02-26,Mumbai,Grocery,1060377.0,4574,114,4460,2.49,231.83
9,2024-02-26,Mumbai,Home & Kitchen,820308.0,3212,154,3058,4.79,255.39
9,2024-02-26,Mumbai,Books,646218.0,2346,67,2279,2.86,275.46
9,2024-02-26,Delhi,Electronics,1721000.0,7256,473,6783,6.52,237.18
9,2024-02-26,Delhi,Fashion,1348715.0,6279,1069,5210,17.03,214.8
9,2024-02-26,Delhi,Grocery,978980.0,3952,95,3857,2.4,247.72
9,2024-02-26,Delhi,Home & Kitchen,752327.0,3171,182,2989,5.74,237.25
9,2024-02-26,Delhi,Books,544455.0,2400,70,2330,2.92,226.86
9,2024-02-26,Bangalore,Electronics,1455118.0,5233,405,4828,7.74,278.07
9,2024-02-26,Bangalore,Fashion,1253918.0,5133,816,4317,15.9,244.29
9,2024-02-26,Bangalore,Grocery,993377.0,4070,96,3974,2.36,244.07
9,2024-02-26,Bangalore,Home & Kitchen,796933.0,3303,198,3105,5.99,241.28
9,2024-02-26,Bangalore,Books,464035.0,1631,55,1576,3.37,284.51
9,2024-02-26,Chennai,Electronics,1317113.0,6674,490,6184,7.34,197.35
9,2024-02-26,Chennai,Fashion,947654.0,5103,568,4535,11.13,185.71
9,2024-02-26,Chennai,Grocery,466843.0,2376,46,2330,1.94,196.48
9,2024-02-26,Chennai,Home & Kitchen,495371.0,2313,136,2177,5.88,214.17
9,2024-02-26,Chennai,Books,415094.0,1811,44,1767,2.43,229.21
9,2024-02-26,Hyderabad,Electronics,1196692.0,4579,283,4296,6.18,261.34
9,2024-02-26,Hyderabad,Fashion,844697.0,2943,325,2618,11.04,287.02
9,2024-02-26,Hyderabad,Grocery,523544.0,1897,33,1864,1.74,275.99
9,2024-02-26,Hyderabad,Home & Kitchen,510402.0,1910,108,1802,5.65,267.23
9,2024-02-26,Hyderabad,Books,376252.0,1212,44,1168,3.63,310.44
10,2024-03-04,Mumbai,Electronics,1245965.0,4360,197,4163,4.52,285.77
10,2024-03-04,Mumbai,Fashion,1697936.0,5955,904,5051,15.18,285.13
10,2024-03-04,Mumbai,Grocery,1395786.0,6507,96,6411,1.48,214.51
10,2024-03-04,Mumbai,Home & Kitchen,741858.0,3178,164,3014,5.16,233.44
10,2024-03-04,Mumbai,Books,654876.0,2918,92,2826,3.15,224.43
10,2024-03-04,Delhi,Electronics,1768639.0,7368,324,7044,4.4,240.04
10,2024-03-04,Delhi,Fashion,1391166.0,6445,1014,5431,15.73,215.85
10,2024-03-04,Delhi,Grocery,1141423.0,4448,104,4344,2.34,256.61
10,2024-03-04,Delhi,Home & Kitchen,703189.0,2117,83,2034,3.92,332.16
10,2024-03-04,Delhi,Books,448325.0,2018,54,1964,2.68,222.16
10,2024-03-04,Bangalore,Electronics,1552689.0,5852,334,5518,5.71,265.33
10,2024-03-04,Bangalore,Fashion,1451223.0,5803,626,5177,10.79,250.08
10,2024-03-04,Bangalore,Grocery,1270350.0,4790,90,4700,1.88,265.21
10,2024-03-04,Bangalore,Home & Kitchen,706728.0,2424,126,2298,5.2,291.55
10,2024-03-04,Bangalore,Books,609382.0,2408,76,2332,3.16,253.07
10,2024-03-04,Chennai,Electronics,1254362.0,5519,283,5236,5.13,227.28
10,2024-03-04,Chennai,Fashion,938574.0,4624,780,3844,16.87,202.98
10,2024-03-04,Chennai,Grocery,921484.0,4034,65,3969,1.61,228.43
10,2024-03-04,Chennai,Home & Kitchen,497275.0,2178,107,2071,4.91,228.32
10,2024-03-04,Chennai,Books,473079.0,2406,56,2350,2.33,196.62
10,2024-03-04,Hyderabad,Electronics,1162051.0,5804,276,5528,4.76,200.22
10,2024-03-04,Hyderabad,Fashion,886065.0,3696,595,3101,16.1,239.74
10,2024-03-04,Hyderabad,Grocery,427843.0,2042,44,1998,2.15,209.52
10,2024-03-04,Hyderabad,Home & Kitchen,550032.0,2523,108,2415,4.28,218.01
10,2024-03-04,Hyderabad,Books,426494.0,1936,49,1887,2.53,220.3
11,2024-03-11,Mumbai,Electronics,1580390.0,6248,277,5971,4.43,252.94
11,2024-03-11,Mumbai,Fashion,1438430.0,5537,571,4966,10.31,259.79
11,2024-03-11,Mumbai,Grocery,1240104.0,5032,125,4907,2.48,246.44
11,2024-03-11,Mumbai,Home & Kitchen,719435.0,2953,139,2814,4.71,243.63
11,2024-03-11,Mumbai,Books,667422.0,2405,65,2340,2.7,277.51
11,2024-03-11,Delhi,Electronics,1563855.0,6278,322,5956,5.13,249.1
11,2024-03-11,Delhi,Fashion,1273101.0,5872,673,5199,11.46,216.81
11,2024-03-11,Delhi,Grocery,1111232.0,4152,86,4066,2.07,267.64
11,2024-03-11,Delhi,Home & Kitchen,764926.0,3421,182,3239,5.32,223.6
11,2024-03-11,Delhi,Books,494396.0,2105,57,2048,2.71,234.87
11,2024-03-11,Bangalore,Electronics,1157345.0,6178,450,5728,7.28,187.33
11,2024-03-11,Bangalore,Fashion,952153.0,4902,771,4131,15.73,194.24
11,2024-03-11,Bangalore,Grocery,893196.0,4810,98,4712,2.04,185.7
11,2024-03-11,Bangalore,Home & Kitchen,762381.0,4011,198,3813,4.94,190.07
11,2024-03-11,Bangalore,Books,367492.0,1788,42,1746,2.35,205.53
11,2024-03-11,Chennai,Electronics,1003000.0,4421,267,4154,6.04,226.87
11,2024-03-11,Chennai,Fashion,1166279.0,5010,512,4498,10.22,232.79
11,2024-03-11,Chennai,Grocery,907200.0,4515,105,4410,2.33,200.93
11,2024-03-11,Chennai,Home & Kitchen,454240.0,1859,74,1785,3.98,244.35
11,2024-03-11,Chennai,Books,320226.0,1289,34,1255,2.64,248.43
11,2024-03-11,Hyderabad,Electronics,830280.0,3774,292,3482,7.74,220.0
11,2024-03-11,Hyderabad,Fashion,844970.0,4524,788,3736,17.42,186.77
11,2024-03-11,Hyderabad,Grocery,569859.0,2844,58,2786,2.04,200.37
11,2024-03-11,Hyderabad,Home & Kitchen,392209.0,1907,104,1803,5.45,205.67
11,2024-03-11,Hyderabad,Books,259864.0,1399,50,1349,3.57,185.75
12,2024-03-18,Mumbai,Electronics,2097803.0,9787,634,9153,6.48,214.35
12,2024-03-18,Mumbai,Fashion,1336643.0,5239,916,4323,17.48,255.13
12,2024-03-18,Mumbai,Grocery,847926.0,3925,80,3845,2.04,216.03
12,2024-03-18,Mumbai,Home & Kitchen,903086.0,3885,228,3657,5.87,232.45
12,2024-03-18,Mumbai,Books,616253.0,2314,61,2253,2.64,266.32
12,2024-03-18,Delhi,Electronics,1579131.0,5776,259,5517,4.48,273.4
12,2024-03-18,Delhi,Fashion,1301629.0,5432,762,4670,14.03,239.62
12,2024-03-18,Delhi,Grocery,949614.0,3982,101,3881,2.54,238.48
12,2024-03-18,Delhi,Home & Kitchen,884132.0,3716,204,3512,5.49,237.93
12,2024-03-18,Delhi,Books,725667.0,2958,95,2863,3.21,245.32
12,2024-03-18,Bangalore,Electronics,1159206.0,5656,418,5238,7.39,204.95
12,2024-03-18,Bangalore,Fashion,1130677.0,5501,625,4876,11.36,205.54
12,2024-03-18,Bangalore,Grocery,945170.0,4351,105,4246,2.41,217.23
12,2024-03-18,Bangalore,Home & Kitchen,677172.0,3286,185,3101,5.63,206.08
12,2024-03-18,Bangalore,Books,596752.0,3223,85,3138,2.64,185.15
12,2024-03-18,Chennai,Electronics,1343103.0,5521,298,5223,5.4,243.27
12,2024-03-18,Chennai,Fashion,918053.0,3989,667,3322,16.72,230.15
12,2024-03-18,Chennai,Grocery,509712.0,1923,29,1894,1.51,265.06
12,2024-03-18,Chennai,Home & Kitchen,509636.0,1981,90,1891,4.54,257.26
12,2024-03-18,Chennai,Books,446573.0,1764,51,1713,2.89,253.16
12,2024-03-18,Hyderabad,Electronics,1126902.0,5560,429,5131,7.72,202.68
12,2024-03-18,Hyderabad,Fashion,1001453.0,4004,619,3385,15.46,250.11
12,2024-03-18,Hyderabad,Grocery,520533.0,2362,42,2320,1.78,220.38
12,2024-03-18,Hyderabad,Home & Kitchen,599870.0,2514,101,2413,4.02,238.61
12,2024-03-18,Hyderabad,Books,331823.0,1487,54,1433,3.63,223.15
13,2024-03-25,Mumbai,Electronics,2081519.0,10486,555,9931,5.29,198.5
13,2024-03-25,Mumbai,Fashion,1480724.0,6891,1218,5673,17.68,214.88
13,2024-03-25,Mumbai,Grocery,1442128.0,5284,129,5155,2.44,272.92
13,2024-03-25,Mumbai,Home & Kitchen,763447.0,3454,189,3265,5.47,221.03
13,2024-03-25,Mumbai,Books,649807.0,2925,75,2850,2.56,222.16
13,2024-03-25,Delhi,Electronics,1840460.0,6092,445,5647,7.3,302.11
13,2024-03-25,Delhi,Fashion,1617191.0,5425,976,4449,17.99,298.1
13,2024-03-25,Delhi,Grocery,1007900.0,4686,71,4615,1.52,215.09
13,2024-03-25,Delhi,Home & Kitchen,903977.0,3667,209,3458,5.7,246.52
13,2024-03-25,Delhi,Books,438656.0,1863,69,1794,3.7,235.46
13,2024-03-25,Bangalore,Electronics,1570624.0,8053,343,7710,4.26,195.04
13,2024-03-25,Bangalore,Fashion,1105690.0,5815,707,5108,12.16,190.14
13,2024-03-25,Bangalore,Grocery,1019210.0,4663,114,4549,2.44,218.57
13,2024-03-25,Bangalore,Home & Kitchen,682146.0,3406,174,3232,5.11,200.28
13,2024-03-25,Bangalore,Books,525625.0,2375,54,2321,2.27,221.32
13,2024-03-25,Chennai,Electronics,1038383.0,4405,192,4213,4.36,235.73
13,2024-03-25,Chennai,Fashion,1152875.0,5862,1013,4849,17.28,196.67
13,2024-03-25,Chennai,Grocery,732623.0,3984,64,3920,1.61,183.89
13,2024-03-25,Chennai,Home & Kitchen,808507.0,3715,218,3497,5.87,217.63
13,2024-03-25,Chennai,Books,558613.0,2550,55,2495,2.16,219.06
13,2024-03-25,Hyderabad,Electronics,1234957.0,5359,394,4965,7.35,230.45
13,2024-03-25,Hyderabad,Fashion,1195923.0,5264,706,4558,13.41,227.19
13,2024-03-25,Hyderabad,Grocery,701410.0,3677,65,3612,1.77,190.76
13,2024-03-25,Hyderabad,Home & Kitchen,632906.0,3000,159,2841,5.3,210.97
13,2024-03-25,Hyderabad,Books,466962.0,1861,68,1793,3.65,250.92
14,2024-04-01,Mumbai,Electronics,2447024.0,10717,647,10070,6.04,228.33
14,2024-04-01,Mumbai,Fashion,1291042.0,5115,710,4405,13.88,252.4
14,2024-04-01,Mumbai,Grocery,1467058.0,5456,119,5337,2.18,268.89
14,2024-04-01,Mumbai,Home & Kitchen,1173909.0,4827,276,4551,5.72,243.2
14,2024-04-01,Mumbai,Books,525589.0,2252,67,2185,2.98,233.39
14,2024-04-01,Delhi,Electronics,1559903.0,7372,346,7026,4.69,211.6
14,2024-04-01,Delhi,Fashion,1475691.0,6846,783,6063,11.44,215.56
14,2024-04-01,Delhi,Grocery,1019319.0,3835,81,3754,2.11,265.79
14,2024-04-01,Delhi,Home & Kitchen,689959.0,2980,150,2830,5.03,231.53
14,2024-04-01,Delhi,Books,520904.0,2305,48,2257,2.08,225.99
14,2024-04-01,Bangalore,Electronics,1682479.0,6539,368,6171,5.63,257.3
14,2024-04-01,Bangalore,Fashion,1101433.0,4452,478,3974,10.74,247.4
14,2024-04-01,Bangalore,Grocery,1034201.0,3785,68,3717,1.8,273.24
14,2024-04-01,Bangalore,Home & Kitchen,1019923.0,4471,222,4249,4.97,228.12
14,2024-04-01,Bangalore,Books,509663.0,2021,67,1954,3.32,252.18
14,2024-04-01,Chennai,Electronics,1468637.0,6468,413,6055,6.39,227.06
14,2024-04-01,Chennai,Fashion,1058449.0,4844,863,3981,17.82,218.51
14,2024-04-01,Chennai,Grocery,799200.0,3167,75,3092,2.37,252.35
14,2024-04-01,Chennai,Home & Kitchen,626391.0,2663,148,2515,5.56,235.22
14,2024-04-01,Chennai,Books,569698.0,2240,51,2189,2.28,254.33
14,2024-04-01,Hyderabad,Electronics,1255481.0,4324,192,4132,4.44,290.35
14,2024-04-01,Hyderabad,Fashion,799333.0,2830,501,2329,17.7,282.45
14,2024-04-01,Hyderabad,Grocery,828975.0,2807,61,2746,2.17,295.32
14,2024-04-01,Hyderabad,Home & Kitchen,684272.0,2208,116,2092,5.25,309.91
14,2024-04-01,Hyderabad,Books,587322.0,2427,51,2376,2.1,242.0
15,2024-04-08,Mumbai,Electronics,1906383.0,8816,656,8160,7.44,216.24
15,2024-04-08,Mumbai,Fashion,1486332.0,6672,733,5939,10.99,222.77
15,2024-04-08,Mumbai,Grocery,1313130.0,5424,76,5348,1.4,242.1
15,2024-04-08,Mumbai,Home & Kitchen,898766.0,3330,165,3165,4.95,269.9
15,2024-04-08,Mumbai,Books,521666.0,2178,68,2110,3.12,239.52
15,2024-04-08,Delhi,Electronics,1232581.0,5627,323,5304,5.74,219.05
15,2024-04-08,Delhi,Fashion,1614567.0,5985,740,5245,12.36,269.77
15,2024-04-08,Delhi,Grocery,1313092.0,6035,141,5894,2.34,217.58
15,2024-04-08,Delhi,Home & Kitchen,1041360.0,4994,298,4696,5.97,208.52
15,2024-04-08,Delhi,Books,622988.0,2557,93,2464,3.64,243.64
15,2024-04-08,Bangalore,Electronics,1600176.0,5655,381,5274,6.74,282.97
15,2024-04-08,Bangalore,Fashion,1526411.0,5831,653,5178,11.2,261.78
15,2024-04-08,Bangalore,Grocery,1218300.0,5929,113,5816,1.91,205.48
15,2024-04-08,Bangalore,Home & Kitchen,602377.0,2307,82,2225,3.55,261.11
15,2024-04-08,Bangalore,Books,650863.0,2640,86,2554,3.26,246.54
15,2024-04-08,Chennai,Electronics,1008887.0,3931,250,3681,6.36,256.65
15,2024-04-08,Chennai,Fashion,1260946.0,4885,884,4001,18.1,258.13
15,2024-04-08,Chennai,Grocery,834154.0,3468,67,3401,1.93,240.53
15,2024-04-08,Chennai,Home & Kitchen,571547.0,2321,115,2206,4.95,246.25
15,2024-04-08,Chennai,Books,497785.0,2293,49,2244,2.14,217.09
15,2024-04-08,Hyderabad,Electronics,1200794.0,5261,251,5010,4.77,228.24
15,2024-04-08,Hyderabad,Fashion,925766.0,3452,599,2853,17.35,268.18
15,2024-04-08,Hyderabad,Grocery,691468.0,3034,46,2988,1.52,227.91
15,2024-04-08,Hyderabad,Home & Kitchen,545801.0,2460,151,2309,6.14,221.87
15,2024-04-08,Hyderabad,Books,365046.0,1699,54,1645,3.18,214.86
16,2024-04-15,Mumbai,Electronics,1917740.0,6838,420,6418,6.14,280.45
16,2024-04-15,Mumbai,Fashion,1614758.0,6944,937,6007,13.49,232.54
16,2024-04-15,Mumbai,Grocery,1794335.0,7617,134,7483,1.76,235.57
16,2024-04-15,Mumbai,Home & Kitchen,865490.0,3223,118,3105,3.66,268.54
16,2024-04-15,Mumbai,Books,854070.0,3238,87,3151,2.69,263.76
16,2024-04-15,Delhi,Electronics,1291853.0,4990,297,4693,5.95,258.89
16,2024-04-15,Delhi,Fashion,1702901.0,7455,1087,6368,14.58,228.42
16,2024-04-15,Delhi,Grocery,1027802.0,4765,102,4663,2.14,215.7
16,2024-04-15,Delhi,Home & Kitchen,951646.0,3866,139,3727,3.6,246.16
16,2024-04-15,Delhi,Books,802993.0,2980,88,2892,2.95,269.46
16,2024-04-15,Bangalore,Electronics,1240187.0,5768,407,5361,7.06,215.01
16,2024-04-15,Bangalore,Fashion,1388316.0,6671,1182,5489,17.72,208.11
16,2024-04-15,Bangalore,Grocery,1114666.0,4856,76,4780,1.57,229.54
16,2024-04-15,Bangalore,Home & Kitchen,1017275.0,4776,236,4540,4.94,213.0
16,2024-04-15,Bangalore,Books,506874.0,2286,83,2203,3.63,221.73
16,2024-04-15,Chennai,Electronics,1185541.0,5221,315,4906,6.03,227.07
16,2024-04-15,Chennai,Fashion,1600662.0,7881,1345,6536,17.07,203.1
16,2024-04-15,Chennai,Grocery,930437.0,3505,90,3415,2.57,265.46
16,2024-04-15,Chennai,Home & Kitchen,728348.0,3157,182,2975,5.76,230.71
16,2024-04-15,Chennai,Books,490258.0,1834,57,1777,3.11,267.32
16,2024-04-15,Hyderabad,Electronics,1470445.0,5332,401,4931,7.52,275.78
16,2024-04-15,Hyderabad,Fashion,1010997.0,3590,559,3031,15.57,281.61
16,2024-04-15,Hyderabad,Grocery,817458.0,2795,63,2732,2.25,292.47
16,2024-04-15,Hyderabad,Home & Kitchen,719993.0,2363,103,2260,4.36,304.69
16,2024-04-15,Hyderabad,Books,563205.0,2085,57,2028,2.73,270.12
17,2024-04-22,Mumbai,Electronics,1471803.0,6784,465,6319,6.85,216.95
17,2024-04-22,Mumbai,Fashion,1528888.0,6984,1135,5849,16.25,218.91
17,2024-04-22,Mumbai,Grocery,1237850.0,5104,111,4993,2.17,242.53
17,2024-04-22,Mumbai,Home & Kitchen,874774.0,4058,216,3842,5.32,215.57
17,2024-04-22,Mumbai,Books,600403.0,2750,62,2688,2.25,218.33
17,2024-04-22,Delhi,Electronics,1420218.0,6294,289,6005,4.59,225.65
17,2024-04-22,Delhi,Fashion,1344695.0,5111,533,4578,10.43,263.1
17,2024-04-22,Delhi,Grocery,814011.0,3898,77,3821,1.98,208.83
17,2024-04-22,Delhi,Home & Kitchen,611444.0,3056,111,2945,3.63,200.08
17,2024-04-22,Delhi,Books,524354.0,2689,59,2630,2.19,195.0
17,2024-04-22,Bangalore,Electronics,1267927.0,5481,293,5188,5.35,231.33
17,2024-04-22,Bangalore,Fashion,1233051.0,4598,697,3901,15.16,268.17
17,2024-04-22,Bangalore,Grocery,985369.0,4286,110,4176,2.57,229.9
17,2024-04-22,Bangalore,Home & Kitchen,717628.0,2640,143,2497,5.42,271.83
17,2024-04-22,Bangalore,Books,626234.0,3093,71,3022,2.3,202.47
17,2024-04-22,Chennai,Electronics,1119371.0,4974,331,4643,6.65,225.04
17,2024-04-22,Chennai,Fashion,1071969.0,5053,844,4209,16.7,212.15
17,2024-04-22,Chennai,Grocery,989926.0,3897,92,3805,2.36,254.02
17,2024-04-22,Chennai,Home & Kitchen,450817.0,2174,85,2089,3.91,207.37
17,2024-04-22,Chennai,Books,336403.0,1872,65,1807,3.47,179.7
17,2024-04-22,Hyderabad,Electronics,1225531.0,5328,367,4961,6.89,230.02
17,2024-04-22,Hyderabad,Fashion,753158.0,3023,366,2657,12.11,249.14
17,2024-04-22,Hyderabad,Grocery,734700.0,3151,70,3081,2.22,233.16
17,2024-04-22,Hyderabad,Home & Kitchen,577361.0,2260,86,2174,3.81,255.47
17,2024-04-22,Hyderabad,Books,377845.0,1800,49,1751,2.72,209.91
18,2024-04-29,Mumbai,Electronics,1911255.0,9495,709,8786,7.47,201.29
18,2024-04-29,Mumbai,Fashion,1330637.0,6275,662,5613,10.55,212.05
18,2024-04-29,Mumbai,Grocery,1325641.0,5955,132,5823,2.22,222.61
18,2024-04-29,Mumbai,Home & Kitchen,775701.0,2662,143,2519,5.37,291.4
18,2024-04-29,Mumbai,Books,560563.0,2510,84,2426,3.35,223.33
18,2024-04-29,Delhi,Electronics,1671730.0,7303,512,6791,7.01,228.91
18,2024-04-29,Delhi,Fashion,1442526.0,6222,797,5425,12.81,231.84
18,2024-04-29,Delhi,Grocery,986459.0,4512,114,4398,2.53,218.63
18,2024-04-29,Delhi,Home & Kitchen,751745.0,2430,118,2312,4.86,309.36
18,2024-04-29,Delhi,Books,441659.0,1995,49,1946,2.46,221.38
18,2024-04-29,Bangalore,Electronics,1306725.0,5558,364,5194,6.55,235.11
18,2024-04-29,Bangalore,Fashion,1086468.0,4866,565,4301,11.61,223.28
18,2024-04-29,Bangalore,Grocery,1308154.0,5268,116,5152,2.2,248.32
18,2024-04-29,Bangalore,Home & Kitchen,788015.0,2700,105,2595,3.89,291.86
18,2024-04-29,Bangalore,Books,519005.0,2278,74,2204,3.25,227.83
18,2024-04-29,Chennai,Electronics,1113287.0,5103,377,4726,7.39,218.16
18,2024-04-29,Chennai,Fashion,1247030.0,4901,504,4397,10.28,254.44
18,2024-04-29,Chennai,Grocery,701254.0,2594,39,2555,1.5,270.34
18,2024-04-29,Chennai,Home & Kitchen,797884.0,2838,170,2668,5.99,281.14
18,2024-04-29,Chennai,Books,369114.0,1609,34,1575,2.11,229.41
18,2024-04-29,Hyderabad,Electronics,938476.0,2884,182,2702,6.31,325.41
18,2024-04-29,Hyderabad,Fashion,841616.0,3401,608,2793,17.88,247.46
18,2024-04-29,Hyderabad,Grocery,784734.0,3093,62,3031,2.0,253.71
18,2024-04-29,Hyderabad,Home & Kitchen,367613.0,1312,76,1236,5.79,280.19
18,2024-04-29,Hyderabad,Books,453030.0,2038,71,1967,3.48,222.29
19,2024-05-06,Mumbai,Electronics,1866309.0,6791,289,6502,4.26,274.82
19,2024-05-06,Mumbai,Fashion,1463573.0,6203,877,5326,14.14,235.95
19,2024-05-06,Mumbai,Grocery,1285250.0,4593,83,4510,1.81,279.83
19,2024-05-06,Mumbai,Home & Kitchen,953293.0,4043,259,3784,6.41,235.79
19,2024-05-06,Mumbai,Books,552713.0,1845,66,1779,3.58,299.57
19,2024-05-06,Delhi,Electronics,2067389.0,7749,389,7360,5.02,266.79
19,2024-05-06,Delhi,Fashion,1724408.0,6514,1047,5467,16.07,264.72
19,2024-05-06,Delhi,Grocery,825272.0,2632,51,2581,1.94,313.55
19,2024-05-06,Delhi,Home & Kitchen,807353.0,3088,197,2891,6.38,261.45
19,2024-05-06,Delhi,Books,588999.0,2300,51,2249,2.22,256.09
19,2024-05-06,Bangalore,Electronics,1292833.0,5980,375,5605,6.27,216.19
19,2024-05-06,Bangalore,Fashion,1205653.0,5454,825,4629,15.13,221.06
19,2024-05-06,Bangalore,Grocery,1002968.0,4232,78,4154,1.84,237.0
19,2024-05-06,Bangalore,Home & Kitchen,759099.0,2936,133,2803,4.53,258.55
19,2024-05-06,Bangalore,Books,633548.0,3011,112,2899,3.72,210.41
19,2024-05-06,Chennai,Electronics,1304949.0,5180,396,4784,7.64,251.92
19,2024-05-06,Chennai,Fashion,820380.0,2776,388,2388,13.98,295.53
19,2024-05-06,Chennai,Grocery,950533.0,3904,86,3818,2.2,243.48
19,2024-05-06,Chennai,Home & Kitchen,742434.0,2937,173,2764,5.89,252.79
19,2024-05-06,Chennai,Books,378868.0,1473,43,1430,2.92,257.21
19,2024-05-06,Hyderabad,Electronics,752571.0,3630,277,3353,7.63,207.32
19,2024-05-06,Hyderabad,Fashion,1154402.0,5284,633,4651,11.98,218.47
19,2024-05-06,Hyderabad,Grocery,590451.0,2779,53,2726,1.91,212.47
19,2024-05-06,Hyderabad,Home & Kitchen,540592.0,2286,122,2164,5.34,236.48
19,2024-05-06,Hyderabad,Books,351239.0,1625,62,1563,3.82,216.15
20,2024-05-13,Mumbai,Electronics,2007827.0,6702,454,6248,6.77,299.59
20,2024-05-13,Mumbai,Fashion,1411185.0,5766,887,4879,15.38,244.74
20,2024-05-13,Mumbai,Grocery,1241708.0,4121,65,4056,1.58,301.31
20,2024-05-13,Mumbai,Home & Kitchen,1007167.0,4409,220,4189,4.99,228.43
20,2024-05-13,Mumbai,Books,610505.0,2409,51,2358,2.12,253.43
20,2024-05-13,Delhi,Electronics,1339855.0,6143,352,5791,5.73,218.11
20,2024-05-13,Delhi,Fashion,1498933.0,6681,1026,5655,15.36,224.36
20,2024-05-13,Delhi,Grocery,1244964.0,5289,81,5208,1.53,235.39
20,2024-05-13,Delhi,Home & Kitchen,768670.0,3172,198,2974,6.24,242.33
20,2024-05-13,Delhi,Books,510967.0,1924,74,1850,3.85,265.58
20,2024-05-13,Bangalore,Electronics,1318086.0,5756,315,5441,5.47,228.99
20,2024-05-13,Bangalore,Fashion,1044925.0,4014,583,3431,14.52,260.32
20,2024-05-13,Bangalore,Grocery,1141492.0,5080,92,4988,1.81,224.7
20,2024-05-13,Bangalore,Home & Kitchen,844095.0,3059,124,2935,4.05,275.94
20,2024-05-13,Bangalore,Books,558612.0,2472,92,2380,3.72,225.98
20,2024-05-13,Chennai,Electronics,1270540.0,5334,307,5027,5.76,238.2
20,2024-05-13,Chennai,Fashion,905343.0,3788,612,3176,16.16,239.0
20,2024-05-13,Chennai,Grocery,793612.0,3977,69,3908,1.73,199.55
20,2024-05-13,Chennai,Home & Kitchen,699173.0,2989,189,2800,6.32,233.92
20,2024-05-13,Chennai,Books,429321.0,1653,61,1592,3.69,259.72
20,2024-05-13,Hyderabad,Electronics,1379404.0,4933,240,4693,4.87,279.63
20,2024-05-13,Hyderabad,Fashion,891011.0,3999,461,3538,11.53,222.81
20,2024-05-13,Hyderabad,Grocery,717877.0,2835,42,2793,1.48,253.22
20,2024-05-13,Hyderabad,Home & Kitchen,272820.0,831,49,782,5.9,328.3
20,2024-05-13,Hyderabad,Books,402764.0,1693,61,1632,3.6,237.9
21,2024-05-20,Mumbai,Electronics,2348552.0,8391,480,7911,5.72,279.89
21,2024-05-20,Mumbai,Fashion,1385814.0,5129,526,4603,10.26,270.19
21,2024-05-20,Mumbai,Grocery,1455627.0,3750,96,3654,2.56,388.17
21,2024-05-20,Mumbai,Home & Kitchen,1167845.0,3747,165,3582,4.4,311.67
21,2024-05-20,Mumbai,Books,484234.0,1505,37,1468,2.46,321.75
21,2024-05-20,Delhi,Electronics,1500221.0,6590,445,6145,6.75,227.65
21,2024-05-20,Delhi,Fashion,1187260.0,5650,729,4921,12.9,210.13
21,2024-05-20,Delhi,Grocery,813781.0,4249,105,4144,2.47,191.52
21,2024-05-20,Delhi,Home & Kitchen,742142.0,3482,183,3299,5.26,213.14
21,2024-05-20,Delhi,Books,355477.0,2026,66,1960,3.26,175.46
21,2024-05-20,Bangalore,Electronics,1542407.0,7735,590,7145,7.63,199.41
21,2024-05-20,Bangalore,Fashion,1115232.0,4126,651,3475,15.78,270.29
21,2024-05-20,Bangalore,Grocery,888808.0,4219,97,4122,2.3,210.67
21,2024-05-20,Bangalore,Home & Kitchen,821139.0,3623,182,3441,5.02,226.65
21,2024-05-20,Bangalore,Books,539498.0,2146,59,2087,2.75,251.4
21,2024-05-20,Chennai,Electronics,1274137.0,6750,492,6258,7.29,188.76
21,2024-05-20,Chennai,Fashion,1049940.0,5519,631,4888,11.43,190.24
21,2024-05-20,Chennai,Grocery,820279.0,3732,67,3665,1.8,219.8
21,2024-05-20,Chennai,Home & Kitchen,542013.0,2744,155,2589,5.65,197.53
21,2024-05-20,Chennai,Books,425015.0,2221,69,2152,3.11,191.36
21,2024-05-20,Hyderabad,Electronics,1154035.0,4905,273,4632,5.57,235.28
21,2024-05-20,Hyderabad,Fashion,1059054.0,4124,485,3639,11.76,256.8
21,2024-05-20,Hyderabad,Grocery,643911.0,2637,59,2578,2.24,244.18
21,2024-05-20,Hyderabad,Home & Kitchen,543970.0,2172,139,2033,6.4,250.45
21,2024-05-20,Hyderabad,Books,425169.0,1885,41,1844,2.18,225.55
22,2024-05-27,Mumbai,Electronics,1970631.0,10268,577,9691,5.62,191.92
22,2024-05-27,Mumbai,Fashion,1297864.0,5654,691,4963,12.22,229.55
22,2024-05-27,Mumbai,Grocery,995271.0,4161,101,4060,2.43,239.19
22,2024-05-27,Mumbai,Home & Kitchen,805319.0,4075,173,3902,4.25,197.62
22,2024-05-27,Mumbai,Books,534914.0,2598,83,2515,3.19,205.89
22,2024-05-27,Delhi,Electronics,1843242.0,8884,471,8413,5.3,207.48
22,2024-05-27,Delhi,Fashion,1350685.0,7036,886,6150,12.59,191.97
22,2024-05-27,Delhi,Grocery,982205.0,3859,87,3772,2.25,254.52
22,2024-05-27,Delhi,Home & Kitchen,796624.0,3436,201,3235,5.85,231.85
22,2024-05-27,Delhi,Books,381381.0,1739,45,1694,2.59,219.31
22,2024-05-27,Bangalore,Electronics,1763068.0,8189,533,7656,6.51,215.3
22,2024-05-27,Bangalore,Fashion,1041144.0,5460,626,4834,11.47,190.69
22,2024-05-27,Bangalore,Grocery,864128.0,4666,88,4578,1.89,185.2
22,2024-05-27,Bangalore,Home & Kitchen,676051.0,3057,132,2925,4.32,221.15
22,2024-05-27,Bangalore,Books,499516.0,2417,62,2355,2.57,206.67
22,2024-05-27,Chennai,Electronics,1204365.0,5310,364,4946,6.85,226.81
22,2024-05-27,Chennai,Fashion,947454.0,4307,547,3760,12.7,219.98
22,2024-05-27,Chennai,Grocery,767292.0,4362,81,4281,1.86,175.9
22,2024-05-27,Chennai,Home & Kitchen,507499.0,2261,111,2150,4.91,224.46
22,2024-05-27,Chennai,Books,368574.0,1672,43,1629,2.57,220.44
22,2024-05-27,Hyderabad,Electronics,1277944.0,5531,250,5281,4.52,231.05
22,2024-05-27,Hyderabad,Fashion,752478.0,3733,569,3164,15.24,201.57
22,2024-05-27,Hyderabad,Grocery,755650.0,3641,62,3579,1.7,207.54
22,2024-05-27,Hyderabad,Home & Kitchen,592612.0,2722,152,2570,5.58,217.71
22,2024-05-27,Hyderabad,Books,368262.0,1385,44,1341,3.18,265.89
23,2024-06-03,Mumbai,Electronics,1515610.0,7002,345,6657,4.93,216.45
23,2024-06-03,Mumbai,Fashion,1309719.0,6825,1058,5767,15.5,191.9
23,2024-06-03,Mumbai,Grocery,1400456.0,6710,126,6584,1.88,208.71
23,2024-06-03,Mumbai,Home & Kitchen,948351.0,4255,181,4074,4.25,222.88
23,2024-06-03,Mumbai,Books,657747.0,2863,83,2780,2.9,229.74
23,2024-06-03,Delhi,Electronics,1790827.0,6779,467,6312,6.89,264.17
23,2024-06-03,Delhi,Fashion,1630567.0,6178,739,5439,11.96,263.93
23,2024-06-03,Delhi,Grocery,1143701.0,4754,91,4663,1.91,240.58
23,2024-06-03,Delhi,Home & Kitchen,967821.0,4366,236,4130,5.41,221.67
23,2024-06-03,Delhi,Books,528241.0,2308,58,2250,2.51,228.87
23,2024-06-03,Bangalore,Electronics,1454621.0,5564,287,5277,5.16,261.43
23,2024-06-03,Bangalore,Fashion,1362921.0,6554,976,5578,14.89,207.95
23,2024-06-03,Bangalore,Grocery,1095172.0,4364,96,4268,2.2,250.96
23,2024-06-03,Bangalore,Home & Kitchen,759001.0,3245,193,3052,5.95,233.9
23,2024-06-03,Bangalore,Books,462785.0,1987,75,1912,3.77,232.91
23,2024-06-03,Chennai,Electronics,900266.0,4908,218,4690,4.44,183.43
23,2024-06-03,Chennai,Fashion,979180.0,4870,716,4154,14.7,201.06
23,2024-06-03,Chennai,Grocery,921272.0,4199,85,4114,2.02,219.4
23,2024-06-03,Chennai,Home & Kitchen,628072.0,2694,166,2528,6.16,233.14
23,2024-06-03,Chennai,Books,388684.0,1559,51,1508,3.27,249.32
23,2024-06-03,Hyderabad,Electronics,1076419.0,5273,305,4968,5.78,204.14
23,2024-06-03,Hyderabad,Fashion,1131748.0,4986,515,4471,10.33,226.99
23,2024-06-03,Hyderabad,Grocery,594096.0,2529,60,2469,2.37,234.91
23,2024-06-03,Hyderabad,Home & Kitchen,615463.0,2449,87,2362,3.55,251.31
23,2024-06-03,Hyderabad,Books,337900.0,1162,30,1132,2.58,290.79
24,2024-06-10,Mumbai,Electronics,1649260.0,7153,405,6748,5.66,230.57
24,2024-06-10,Mumbai,Fashion,1534095.0,6045,673,5372,11.13,253.78
24,2024-06-10,Mumbai,Grocery,1372449.0,6688,106,6582,1.58,205.21
24,2024-06-10,Mumbai,Home & Kitchen,917611.0,4462,265,4197,5.94,205.65
24,2024-06-10,Mumbai,Books,636448.0,2965,98,2867,3.31,214.65
24,2024-06-10,Delhi,Electronics,1902489.0,8369,459,7910,5.48,227.33
24,2024-06-10,Delhi,Fashion,1515106.0,6549,1076,5473,16.43,231.35
24,2024-06-10,Delhi,Grocery,1117408.0,4167,73,4094,1.75,268.16
24,2024-06-10,Delhi,Home & Kitchen,877056.0,3038,152,2886,5.0,288.7
24,2024-06-10,Delhi,Books,962528.0,3252,123,3129,3.78,295.98
24,2024-06-10,Bangalore,Electronics,2299443.0,10263,740,9523,7.21,224.05
24,2024-06-10,Bangalore,Fashion,1121833.0,4810,648,4162,13.47,233.23
24,2024-06-10,Bangalore,Grocery,1044108.0,4557,97,4460,2.13,229.12
24,2024-06-10,Bangalore,Home & Kitchen,993500.0,4281,172,4109,4.02,232.07
24,2024-06-10,Bangalore,Books,702319.0,2622,87,2535,3.32,267.86
24,2024-06-10,Chennai,Electronics,1300304.0,5544,249,5295,4.49,234.54
24,2024-06-10,Chennai,Fashion,1104789.0,4553,581,3972,12.76,242.65
24,2024-06-10,Chennai,Grocery,1060124.0,4686,71,4615,1.52,226.23
24,2024-06-10,Chennai,Home & Kitchen,789125.0,3381,179,3202,5.29,233.4
24,2024-06-10,Chennai,Books,375983.0,1350,34,1316,2.52,278.51
24,2024-06-10,Hyderabad,Electronics,1338685.0,5857,363,5494,6.2,228.56
24,2024-06-10,Hyderabad,Fashion,1039124.0,3662,525,3137,14.34,283.76
24,2024-06-10,Hyderabad,Grocery,811582.0,2760,61,2699,2.21,294.05
24,2024-06-10,Hyderabad,Home & Kitchen,612638.0,2343,117,2226,4.99,261.48
24,2024-06-10,Hyderabad,Books,463928.0,2047,58,1989,2.83,226.64
25,2024-06-17,Mumbai,Electronics,1877325.0,9117,493,8624,5.41,205.91
25,2024-06-17,Mumbai,Fashion,1697844.0,8389,967,7422,11.53,202.39
25,2024-06-17,Mumbai,Grocery,1011472.0,4404,82,4322,1.86,229.67
25,2024-06-17,Mumbai,Home & Kitchen,906168.0,4234,212,4022,5.01,214.02
25,2024-06-17,Mumbai,Books,513651.0,2475,70,2405,2.83,207.54
25,2024-06-17,Delhi,Electronics,1876237.0,8649,366,8283,4.23,216.93
25,2024-06-17,Delhi,Fashion,1393671.0,6094,1025,5069,16.82,228.7
25,2024-06-17,Delhi,Grocery,1642704.0,8216,196,8020,2.39,199.94
25,2024-06-17,Delhi,Home & Kitchen,1080399.0,4571,205,4366,4.48,236.36
25,2024-06-17,Delhi,Books,526164.0,2511,88,2423,3.5,209.54
25,2024-06-17,Bangalore,Electronics,1449212.0,6258,465,5793,7.43,231.58
25,2024-06-17,Bangalore,Fashion,1459778.0,6424,921,5503,14.34,227.24
25,2024-06-17,Bangalore,Grocery,1059949.0,5248,134,5114,2.55,201.97
25,2024-06-17,Bangalore,Home & Kitchen,894764.0,4127,153,3974,3.71,216.81
25,2024-06-17,Bangalore,Books,714035.0,3050,84,2966,2.75,234.11
25,2024-06-17,Chennai,Electronics,1455046.0,4759,211,4548,4.43,305.75
25,2024-06-17,Chennai,Fashion,1524805.0,5494,871,4623,15.85,277.54
25,2024-06-17,Chennai,Grocery,850816.0,2543,55,2488,2.16,334.57
25,2024-06-17,Chennai,Home & Kitchen,682544.0,2788,138,2650,4.95,244.81
25,2024-06-17,Chennai,Books,411979.0,1400,29,1371,2.07,294.27
25,2024-06-17,Hyderabad,Electronics,1247698.0,6024,422,5602,7.01,207.12
25,2024-06-17,Hyderabad,Fashion,1049701.0,4756,673,4083,14.15,220.71
25,2024-06-17,Hyderabad,Grocery,679191.0,3041,47,2994,1.55,223.34
25,2024-06-17,Hyderabad,Home & Kitchen,579474.0,2704,154,2550,5.7,214.3
25,2024-06-17,Hyderabad,Books,407798.0,1981,47,1934,2.37,205.85
26,2024-06-24,Mumbai,Electronics,1830063.0,9471,620,8851,6.55,193.23
26,2024-06-24,Mumbai,Fashion,1464936.0,6752,1020,5732,15.11,216.96
26,2024-06-24,Mumbai,Grocery,1256752.0,6219,98,6121,1.58,202.08
26,2024-06-24,Mumbai,Home & Kitchen,924041.0,4935,212,4723,4.3,187.24
26,2024-06-24,Mumbai,Books,644966.0,2853,70,2783,2.45,226.07
26,2024-06-24,Delhi,Electronics,1756426.0,8296,404,7892,4.87,211.72
26,2024-06-24,Delhi,Fashion,1543702.0,6837,889,5948,13.0,225.79
26,2024-06-24,Delhi,Grocery,1321938.0,5453,130,5323,2.38,242.42
26,2024-06-24,Delhi,Home & Kitchen,828463.0,3987,172,3815,4.31,207.79
26,2024-06-24,Delhi,Books,701504.0,3220,107,3113,3.32,217.86
26,2024-06-24,Bangalore,Electronics,1692361.0,7254,486,6768,6.7,233.3
26,2024-06-24,Bangalore,Fashion,1378793.0,6585,791,5794,12.01,209.38
26,2024-06-24,Bangalore,Grocery,874687.0,3446,75,3371,2.18,253.83
26,2024-06-24,Bangalore,Home & Kitchen,972107.0,4682,270,4412,5.77,207.63
26,2024-06-24,Bangalore,Books,487761.0,2365,57,2308,2.41,206.24
26,2024-06-24,Chennai,Electronics,1509371.0,5278,229,5049,4.34,285.97
26,2024-06-24,Chennai,Fashion,1112677.0,4043,701,3342,17.34,275.21
26,2024-06-24,Chennai,Grocery,821910.0,3804,93,3711,2.44,216.06
26,2024-06-24,Chennai,Home & Kitchen,512490.0,2267,147,2120,6.48,226.07
26,2024-06-24,Chennai,Books,509603.0,2050,73,1977,3.56,248.59
26,2024-06-24,Hyderabad,Electronics,1104620.0,4448,315,4133,7.08,248.34
26,2024-06-24,Hyderabad,Fashion,1085946.0,4275,427,3848,9.99,254.02
26,2024-06-24,Hyderabad,Grocery,708116.0,3027,55,2972,1.82,233.93
26,2024-06-24,Hyderabad,Home & Kitchen,605292.0,2741,121,2620,4.41,220.83
26,2024-06-24,Hyderabad,Books,465081.0,2330,76,2254,3.26,199.61
